Workbook

Sheet Dashboard
B2: Model Fleet — Sales Dashboard (FY2025)
B3: Linked to Summary and Raw Data — refresh formulas to update
B5: Total Revenue | D5: Units Shipped | F5: Order Lines | H5: Avg Order Value
B6: =Summary!B3 -> 199086.59 | D6: =Summary!B4 -> 2215 | F6: =Summary!B5 -> 50 | H6: =Summary!B7 -> 3981.7318

Sheet Summary
A1: Key Metrics — FY2025 | D1: Revenue by Product Line | I1: Revenue by Territory | M1: Order Lines by Status
D2: Product Line | E2: Revenue | F2: Units | G2: Orders | I2: Territory | J2: Revenue | K2: Orders | M2: Status | N2: Order Lines | O2: Revenue
A3: Total Revenue | B3: =SUM('Raw Data'!L2:L51) -> 199086.59 | D3: Classic Cars | E3: =SUMIF('Raw Data'!D2:D51,D3,'Raw Data'!L2:L51) -> 43717.38 | F3: =SUMIF('Raw Data'!D2:D51,D3,'Raw Data'!J2:J51) -> 361 | G3: =COUNTIF('Raw Data'!D2:D51,D3) -> 8 | I3: APAC | J3: =SUMIF('Raw Data'!I2:I51,I3,'Raw Data'!L2:L51) -> 39146.18 | K3: =COUNTIF('Raw Data'!I2:I51,I3) -> 10 | M3: Cancelled | N3: =COUNTIF('Raw Data'!M2:M51,M3) -> 10 | O3: =SUMIF('Raw Data'!M2:M51,M3,'Raw Data'!L2:L51) -> 40822.61
A4: Total Units Shipped | B4: =SUM('Raw Data'!J2:J51) -> 2215 | D4: Motorcycles | E4: =SUMIF('Raw Data'!D2:D51,D4,'Raw Data'!L2:L51) -> 28451.59 | F4: =SUMIF('Raw Data'!D2:D51,D4,'Raw Data'!J2:J51) -> 324 | G4: =COUNTIF('Raw Data'!D2:D51,D4) -> 7 | I4: EMEA | J4: =SUMIF('Raw Data'!I2:I51,I4,'Raw Data'!L2:L51) -> 119902.53 | K4: =COUNTIF('Raw Data'!I2:I51,I4) -> 30 | M4: In Process | N4: =COUNTIF('Raw Data'!M2:M51,M4) -> 10 | O4: =SUMIF('Raw Data'!M2:M51,M4,'Raw Data'!L2:L51) -> 42346.57
A5: Order Lines | B5: =COUNTA('Raw Data'!A2:A51) -> 50 | D5: Planes | E5: =SUMIF('Raw Data'!D2:D51,D5,'Raw Data'!L2:L51) -> 17794.2 | F5: =SUMIF('Raw Data'!D2:D51,D5,'Raw Data'!J2:J51) -> 318 | G5: =COUNTIF('Raw Data'!D2:D51,D5) -> 7 | I5: NA | J5: =SUMIF('Raw Data'!I2:I51,I5,'Raw Data'!L2:L51) -> 40037.88 | K5: =COUNTIF('Raw Data'!I2:I51,I5) -> 10 | M5: On Hold | N5: =COUNTIF('Raw Data'!M2:M51,M5) -> 10 | O5: =SUMIF('Raw Data'!M2:M51,M5,'Raw Data'!L2:L51) -> 38440.15
A6: Unique Accounts | B6: =SUMPRODUCT(1/COUNTIF('Raw Data'!F2:F51,'Raw Data'!F2:F51)) -> 10 | D6: Ships | E6: =SUMIF('Raw Data'!D2:D51,D6,'Raw Data'!L2:L51) -> 21635.94 | F6: =SUMIF('Raw Data'!D2:D51,D6,'Raw Data'!J2:J51) -> 312 | G6: =COUNTIF('Raw Data'!D2:D51,D6) -> 7 | M6: Resolved | N6: =COUNTIF('Raw Data'!M2:M51,M6) -> 10 | O6: =SUMIF('Raw Data'!M2:M51,M6,'Raw Data'!L2:L51) -> 43152.4
A7: Average Order Value | B7: =B3/B5 -> 3981.7318 | D7: Trains | E7: =SUMIF('Raw Data'!D2:D51,D7,'Raw Data'!L2:L51) -> 25370.41 | F7: =SUMIF('Raw Data'!D2:D51,D7,'Raw Data'!J2:J51) -> 306 | G7: =COUNTIF('Raw Data'!D2:D51,D7) -> 7 | M7: Shipped | N7: =COUNTIF('Raw Data'!M2:M51,M7) -> 10 | O7: =SUMIF('Raw Data'!M2:M51,M7,'Raw Data'!L2:L51) -> 34324.86
A8: Revenue Lost to Cancellations | B8: =SUMIF('Raw Data'!M2:M51,"Cancelled",'Raw Data'!L2:L51) -> 40822.61 | D8: Trucks and Buses | E8: =SUMIF('Raw Data'!D2:D51,D8,'Raw Data'!L2:L51) -> 29148.09 | F8: =SUMIF('Raw Data'!D2:D51,D8,'Raw Data'!J2:J51) -> 300 | G8: =COUNTIF('Raw Data'!D2:D51,D8) -> 7
D9: Vintage Cars | E9: =SUMIF('Raw Data'!D2:D51,D9,'Raw Data'!L2:L51) -> 32968.98 | F9: =SUMIF('Raw Data'!D2:D51,D9,'Raw Data'!J2:J51) -> 294 | G9: =COUNTIF('Raw Data'!D2:D51,D9) -> 7
A11: Monthly Revenue Trend
A12: Month | B12: Revenue
A13: Jan | B13: =SUMIF('Raw Data'!O2:O51,1,'Raw Data'!L2:L51) -> 7926.77
A14: Feb | B14: =SUMIF('Raw Data'!O2:O51,2,'Raw Data'!L2:L51) -> 16184.93
A15: Mar | B15: =SUMIF('Raw Data'!O2:O51,3,'Raw Data'!L2:L51) -> 21116.65
A16: Apr | B16: =SUMIF('Raw Data'!O2:O51,4,'Raw Data'!L2:L51) -> 23012.19
A17: May | B17: =SUMIF('Raw Data'!O2:O51,5,'Raw Data'!L2:L51) -> 9196.73
A18: Jun | B18: =SUMIF('Raw Data'!O2:O51,6,'Raw Data'!L2:L51) -> 18066.85
A19: Jul | B19: =SUMIF('Raw Data'!O2:O51,7,'Raw Data'!L2:L51) -> 18092.61
A20: Aug | B20: =SUMIF('Raw Data'!O2:O51,8,'Raw Data'!L2:L51) -> 18965.11
A21: Sep | B21: =SUMIF('Raw Data'!O2:O51,9,'Raw Data'!L2:L51) -> 10538.69
A22: Oct | B22: =SUMIF('Raw Data'!O2:O51,10,'Raw Data'!L2:L51) -> 15175.77
A23: Nov | B23: =SUMIF('Raw Data'!O2:O51,11,'Raw Data'!L2:L51) -> 20460.57
A24: Dec | B24: =SUMIF('Raw Data'!O2:O51,12,'Raw Data'!L2:L51) -> 20349.72

Sheet Top Accounts
A1: Account Performance — Ranked by Revenue
A2: Rank | B2: Customer | C2: Territory | D2: Order Lines | E2: Units | F2: Revenue | G2: Avg Order Value
A3: 1 | B3: Auto Canal Petit | C3: =VLOOKUP(B3,'Raw Data'!$F$2:$I$51,4,FALSE()) -> EMEA | D3: =COUNTIF('Raw Data'!F2:F51,B3) -> 5 | E3: =SUMIF('Raw Data'!F2:F51,B3,'Raw Data'!J2:J51) -> 265 | F3: =SUMIF('Raw Data'!F2:F51,B3,'Raw Data'!L2:L51) -> 24883.23 | G3: =F3/D3 -> 4976.646
A4: 2 | B4: Tokyo Collectables | C4: =VLOOKUP(B4,'Raw Data'!$F$2:$I$51,4,FALSE()) -> APAC | D4: =COUNTIF('Raw Data'!F2:F51,B4) -> 5 | E4: =SUMIF('Raw Data'!F2:F51,B4,'Raw Data'!J2:J51) -> 230 | F4: =SUMIF('Raw Data'!F2:F51,B4,'Raw Data'!L2:L51) -> 23206.8 | G4: =F4/D4 -> 4641.36
A5: 3 | B5: Euro+ Shopping Channel | C5: =VLOOKUP(B5,'Raw Data'!$F$2:$I$51,4,FALSE()) -> EMEA | D5: =COUNTIF('Raw Data'!F2:F51,B5) -> 5 | E5: =SUMIF('Raw Data'!F2:F51,B5,'Raw Data'!J2:J51) -> 225 | F5: =SUMIF('Raw Data'!F2:F51,B5,'Raw Data'!L2:L51) -> 22417.01 | G5: =F5/D5 -> 4483.402
A6: 4 | B6: La Rochelle Gifts | C6: =VLOOKUP(B6,'Raw Data'!$F$2:$I$51,4,FALSE()) -> EMEA | D6: =COUNTIF('Raw Data'!F2:F51,B6) -> 5 | E6: =SUMIF('Raw Data'!F2:F51,B6,'Raw Data'!J2:J51) -> 235 | F6: =SUMIF('Raw Data'!F2:F51,B6,'Raw Data'!L2:L51) -> 22121.11 | G6: =F6/D6 -> 4424.222
A7: 5 | B7: Mini Gifts Distributors Ltd. | C7: =VLOOKUP(B7,'Raw Data'!$F$2:$I$51,4,FALSE()) -> NA | D7: =COUNTIF('Raw Data'!F2:F51,B7) -> 5 | E7: =SUMIF('Raw Data'!F2:F51,B7,'Raw Data'!J2:J51) -> 250 | F7: =SUMIF('Raw Data'!F2:F51,B7,'Raw Data'!L2:L51) -> 20092.28 | G7: =F7/D7 -> 4018.456
A8: 6 | B8: Signal Gift Stores | C8: =VLOOKUP(B8,'Raw Data'!$F$2:$I$51,4,FALSE()) -> NA | D8: =COUNTIF('Raw Data'!F2:F51,B8) -> 5 | E8: =SUMIF('Raw Data'!F2:F51,B8,'Raw Data'!J2:J51) -> 220 | F8: =SUMIF('Raw Data'!F2:F51,B8,'Raw Data'!L2:L51) -> 19945.6 | G8: =F8/D8 -> 3989.12
A9: 7 | B9: Baane Mini Imports | C9: =VLOOKUP(B9,'Raw Data'!$F$2:$I$51,4,FALSE()) -> EMEA | D9: =COUNTIF('Raw Data'!F2:F51,B9) -> 5 | E9: =SUMIF('Raw Data'!F2:F51,B9,'Raw Data'!J2:J51) -> 215 | F9: =SUMIF('Raw Data'!F2:F51,B9,'Raw Data'!L2:L51) -> 19929.56 | G9: =F9/D9 -> 3985.912
A10: 8 | B10: UK Collectables Ltd. | C10: =VLOOKUP(B10,'Raw Data'!$F$2:$I$51,4,FALSE()) -> EMEA | D10: =COUNTIF('Raw Data'!F2:F51,B10) -> 5 | E10: =SUMIF('Raw Data'!F2:F51,B10,'Raw Data'!J2:J51) -> 190 | F10: =SUMIF('Raw Data'!F2:F51,B10,'Raw Data'!L2:L51) -> 16319.04 | G10: =F10/D10 -> 3263.808
A11: 9 | B11: Australian Collectors Co. | C11: =VLOOKUP(B11,'Raw Data'!$F$2:$I$51,4,FALSE()) -> APAC | D11: =COUNTIF('Raw Data'!F2:F51,B11) -> 5 | E11: =SUMIF('Raw Data'!F2:F51,B11,'Raw Data'!J2:J51) -> 200 | F11: =SUMIF('Raw Data'!F2:F51,B11,'Raw Data'!L2:L51) -> 15939.38 | G11: =F11/D11 -> 3187.876
A12: 10 | B12: Atelier Graphique | C12: =VLOOKUP(B12,'Raw Data'!$F$2:$I$51,4,FALSE()) -> EMEA | D12: =COUNTIF('Raw Data'!F2:F51,B12) -> 5 | E12: =SUMIF('Raw Data'!F2:F51,B12,'Raw Data'!J2:J51) -> 185 | F12: =SUMIF('Raw Data'!F2:F51,B12,'Raw Data'!L2:L51) -> 14232.58 | G12: =F12/D12 -> 2846.516

Sheet Raw Data
A1: Order # | B1: Order Line | C1: Order Date | D1: Product Line | E1: Product Code | F1: Customer | G1: City | H1: Country | I1: Territory | J1: Quantity | K1: Price Each | L1: Revenue | M1: Status | N1: Qtr | O1: Month | P1: Year
A2: 10100 | B2: 1 | C2: 2025-01-14 | D2: Classic Cars | E2: S10_1678 | F2: Atelier Graphique | G2: Nantes | H2: France | I2: EMEA | J2: 18 | K2: 42.5 | L2: 765 | M2: Shipped | N2: 1 | O2: 1 | P2: 2025
A3: 10101 | B3: 2 | C3: 2025-01-28 | D3: Motorcycles | E3: S10_2016 | F3: Signal Gift Stores | G3: Las Vegas | H3: USA | I3: NA | J3: 25 | K3: 56.49 | L3: 1412.25 | M3: Resolved | N3: 1 | O3: 1 | P3: 2025
A4: 10102 | B4: 3 | C4: 2025-02-11 | D4: Planes | E4: S18_1662 | F4: Australian Collectors Co. | G4: Melbourne | H4: Australia | I4: APAC | J4: 32 | K4: 70.48 | L4: 2255.36 | M4: Cancelled | N4: 1 | O4: 2 | P4: 2025
A5: 10103 | B5: 4 | C5: 2025-02-24 | D5: Ships | E5: S24_2011 | F5: La Rochelle Gifts | G5: Nantes | H5: France | I5: EMEA | J5: 39 | K5: 84.47 | L5: 3294.33 | M5: On Hold | N5: 1 | O5: 2 | P5: 2025
A6: 10104 | B6: 5 | C6: 2025-03-06 | D6: Trains | E6: S32_3207 | F6: Baane Mini Imports | G6: Stavern | H6: Norway | I6: EMEA | J6: 46 | K6: 94.5 | L6: 4347 | M6: In Process | N6: 1 | O6: 3 | P6: 2025
A7: 10105 | B7: 1 | C7: 2025-03-19 | D7: Trucks and Buses | E7: S12_4473 | F7: Mini Gifts Distributors Ltd. | G7: San Rafael | H7: USA | I7: NA | J7: 53 | K7: 108.49 | L7: 5749.97 | M7: Shipped | N7: 1 | O7: 3 | P7: 2025
A8: 10106 | B8: 2 | C8: 2025-04-02 | D8: Vintage Cars | E8: S18_2949 | F8: Tokyo Collectables | G8: Tokyo | H8: Japan | I8: APAC | J8: 60 | K8: 122.48 | L8: 7348.8 | M8: Resolved | N8: 2 | O8: 4 | P8: 2025
A9: 10107 | B9: 3 | C9: 2025-04-18 | D9: Classic Cars | E9: S10_1678 | F9: Auto Canal Petit | G9: Paris | H9: France | I9: EMEA | J9: 67 | K9: 136.47 | L9: 9143.49 | M9: Cancelled | N9: 2 | O9: 4 | P9: 2025
A10: 10108 | B10: 4 | C10: 2025-05-07 | D10: Motorcycles | E10: S10_2016 | F10: UK Collectables Ltd. | G10: Liverpool | H10: UK | I10: EMEA | J10: 19 | K10: 51.5 | L10: 978.5 | M10: On Hold | N10: 2 | O10: 5 | P10: 2025
A11: 10109 | B11: 5 | C11: 2025-05-23 | D11: Planes | E11: S18_1662 | F11: Euro+ Shopping Channel | G11: Madrid | H11: Spain | I11: EMEA | J11: 26 | K11: 65.49 | L11: 1702.74 | M11: In Process | N11: 2 | O11: 5 | P11: 2025
A12: 10110 | B12: 1 | C12: 2025-06-09 | D12: Ships | E12: S24_2011 | F12: Atelier Graphique | G12: Nantes | H12: France | I12: EMEA | J12: 33 | K12: 79.48 | L12: 2622.84 | M12: Shipped | N12: 2 | O12: 6 | P12: 2025
A13: 10111 | B13: 2 | C13: 2025-06-25 | D13: Trains | E13: S32_3207 | F13: Signal Gift Stores | G13: Las Vegas | H13: USA | I13: NA | J13: 40 | K13: 93.47 | L13: 3738.8 | M13: Resolved | N13: 2 | O13: 6 | P13: 2025
... A51: 10149 | B51: 5 | C51: 2025-12-29 | D51: Classic Cars | E51: S10_1678 | F51: Euro+ Shopping Channel | G51: Madrid | H51: Spain | I51: EMEA | J51: 31 | K51: 110.49 | L51: 3425.19 | M51: In Process | N51: 4 | O51: 12 | P51: 2025
